time,us_aqi
2026-09-25T00:00,145
2026-09-25T01:00,138
2026-09-25T02:00,132
2026-09-25T03:00,127
2026-09-25T04:00,123
2026-09-25T05:00,120
2026-09-25T06:00,115
2026-09-25T07:00,111
2026-09-25T08:00,107
2026-09-25T09:00,104
2026-09-25T10:00,103
2026-09-25T11:00,101
2026-09-25T12:00,100
2026-09-25T13:00,99
2026-09-25T14:00,98
2026-09-25T15:00,96
2026-09-25T16:00,95
2026-09-25T17:00,101
2026-09-25T18:00,115
2026-09-25T19:00,117
2026-09-25T20:00,106
2026-09-25T21:00,88
2026-09-25T22:00,88
2026-09-25T23:00,87
2026-09-26T00:00,87
2026-09-26T01:00,87
2026-09-26T02:00,87
2026-09-26T03:00,88
2026-09-26T04:00,88
2026-09-26T05:00,89
2026-09-26T06:00,90
2026-09-26T07:00,91
2026-09-26T08:00,92
2026-09-26T09:00,94
2026-09-26T10:00,95
2026-09-26T11:00,97
2026-09-26T12:00,98
2026-09-26T13:00,99
2026-09-26T14:00,100
2026-09-26T15:00,101
2026-09-26T16:00,103
2026-09-26T17:00,105
2026-09-26T18:00,107
2026-09-26T19:00,108
2026-09-26T20:00,110
2026-09-26T21:00,111
2026-09-26T22:00,111
2026-09-26T23:00,111
2026-09-27T00:00,109
2026-09-27T01:00,107
2026-09-27T02:00,104
2026-09-27T03:00,102
2026-09-27T04:00,100
2026-09-27T05:00,98
2026-09-27T06:00,97
2026-09-27T07:00,96
2026-09-27T08:00,95
2026-09-27T09:00,94
2026-09-27T10:00,94
2026-09-27T11:00,94
2026-09-27T12:00,94
2026-09-27T13:00,94
2026-09-27T14:00,93
2026-09-27T15:00,105
2026-09-27T16:00,128
2026-09-27T17:00,144
2026-09-27T18:00,148
2026-09-27T19:00,139
2026-09-27T20:00,118
2026-09-27T21:00,89
2026-09-27T22:00,80
2026-09-27T23:00,79
2026-09-28T00:00,80
2026-09-28T01:00,81
2026-09-28T02:00,82
2026-09-28T03:00,84
2026-09-28T04:00,85
2026-09-28T05:00,87
2026-09-28T06:00,88
2026-09-28T07:00,89
2026-09-28T08:00,89
2026-09-28T09:00,90
2026-09-28T10:00,89
2026-09-28T11:00,89
2026-09-28T12:00,89
2026-09-28T13:00,89
2026-09-28T14:00,88
2026-09-28T15:00,88
2026-09-28T16:00,102
2026-09-28T17:00,118
2026-09-28T18:00,123
2026-09-28T19:00,115
2026-09-28T20:00,93
2026-09-28T21:00,95
2026-09-28T22:00,98
2026-09-28T23:00,103
2026-09-29T00:00,107
2026-09-29T01:00,111
2026-09-29T02:00,115
2026-09-29T03:00,117
2026-09-29T04:00,120
2026-09-29T05:00,122
2026-09-29T06:00,125
2026-09-29T07:00,127
2026-09-29T08:00,129
2026-09-29T09:00,131
2026-09-29T10:00,133
2026-09-29T11:00,134
2026-09-29T12:00,135
2026-09-29T13:00,135
2026-09-29T14:00,136
2026-09-29T15:00,137
2026-09-29T16:00,140
2026-09-29T17:00,154
2026-09-29T18:00,155
2026-09-29T19:00,148
2026-09-29T20:00,150
2026-09-29T21:00,151
2026-09-29T22:00,151
2026-09-29T23:00,152
