time,us_aqi 
2026-09-25T00:00,95
2026-09-25T01:00,94
2026-09-25T02:00,93
2026-09-25T03:00,92
2026-09-25T04:00,91
2026-09-25T05:00,91
2026-09-25T06:00,90
2026-09-25T07:00,89
2026-09-25T08:00,89
2026-09-25T09:00,89
2026-09-25T10:00,89
2026-09-25T11:00,89
2026-09-25T12:00,89
2026-09-25T13:00,89
2026-09-25T14:00,89
2026-09-25T15:00,89
2026-09-25T16:00,89
2026-09-25T17:00,89
2026-09-25T18:00,88
2026-09-25T19:00,88
2026-09-25T20:00,87
2026-09-25T21:00,87
2026-09-25T22:00,86
2026-09-25T23:00,86
2026-09-26T00:00,85
2026-09-26T01:00,85
2026-09-26T02:00,84
2026-09-26T03:00,84
2026-09-26T04:00,83
2026-09-26T05:00,82
2026-09-26T06:00,82
2026-09-26T07:00,81
2026-09-26T08:00,80
2026-09-26T09:00,79
2026-09-26T10:00,78
2026-09-26T11:00,77
2026-09-26T12:00,76
2026-09-26T13:00,75
2026-09-26T14:00,74
2026-09-26T15:00,73
2026-09-26T16:00,72
2026-09-26T17:00,71
2026-09-26T18:00,70
2026-09-26T19:00,70
2026-09-26T20:00,69
2026-09-26T21:00,68
2026-09-26T22:00,67
2026-09-26T23:00,66
2026-09-27T00:00,66
2026-09-27T01:00,65
2026-09-27T02:00,64
2026-09-27T03:00,64
2026-09-27T04:00,63
2026-09-27T05:00,63
2026-09-27T06:00,63
2026-09-27T07:00,62
2026-09-27T08:00,62
2026-09-27T09:00,62
2026-09-27T10:00,62
2026-09-27T11:00,62
2026-09-27T12:00,62
2026-09-27T13:00,62
2026-09-27T14:00,62
2026-09-27T15:00,62
2026-09-27T16:00,62
2026-09-27T17:00,62
2026-09-27T18:00,62
2026-09-27T19:00,61
2026-09-27T20:00,61
2026-09-27T21:00,61
2026-09-27T22:00,61
2026-09-27T23:00,61
2026-09-28T00:00,61
2026-09-28T01:00,60
2026-09-28T02:00,60
2026-09-28T03:00,60
2026-09-28T04:00,60
2026-09-28T05:00,60
2026-09-28T06:00,59
2026-09-28T07:00,59
2026-09-28T08:00,59
2026-09-28T09:00,59
2026-09-28T10:00,59
2026-09-28T11:00,59
2026-09-28T12:00,59
2026-09-28T13:00,60
2026-09-28T14:00,60
2026-09-28T15:00,60
2026-09-28T16:00,59
2026-09-28T17:00,59
2026-09-28T18:00,59
2026-09-28T19:00,59
2026-09-28T20:00,60
2026-09-28T21:00,60
2026-09-28T22:00,60
2026-09-28T23:00,61
2026-09-29T00:00,61
2026-09-29T01:00,62
2026-09-29T02:00,62
2026-09-29T03:00,63
2026-09-29T04:00,64
2026-09-29T05:00,64
2026-09-29T06:00,65
2026-09-29T07:00,66
2026-09-29T08:00,66
2026-09-29T09:00,67
2026-09-29T10:00,68
2026-09-29T11:00,68
2026-09-29T12:00,69
2026-09-29T13:00,69
2026-09-29T14:00,69
2026-09-29T15:00,69
2026-09-29T16:00,70
2026-09-29T17:00,70
2026-09-29T18:00,70
2026-09-29T19:00,70
2026-09-29T20:00,70
2026-09-29T21:00,71
2026-09-29T22:00,71
2026-09-29T23:00,71
